Emp ID,First Name,Last Name,DOB,SSN,State
232,John,Mathews,022491,***-**-9165,ND
533,Nathan,Moore,111978,***-**-7469,ME
256,Amanda,Douglas,010890,***-**-6961,ID
189,Heather,Andrews,081176,***-**-1797,VT
284,Daniel,Hernandez,072276,***-**-7473,CO
512,Danny,Pena,013178,***-**-9878,MN
126,Gary,Knight,030894,***-**-1242,AR
556,Robin,Carroll,101472,***-**-7194,CA
595,Michelle,Dickerson,020884,***-**-2817,TN
191,Kimberly,Gallegos,080572,***-**-7563,OR
55,Morgan,Parker,013086,***-**-4320,TN
623,Mason,Rhodes,012877,***-**-4767,MD
426,Amy,Griffin,021873,***-**-1946,MA
535,Danielle,House,041675,***-**-9308,ME
399,Charles,Greene,112892,***-**-2935,KY
33,Nicholas,Martinez,040579,***-**-1689,LA
302,Tracey,Meadows,011288,***-**-6175,RI
325,Renee,Evans,031491,***-**-2708,MT
188,Joseph,Estrada,032984,***-**-2571,PA
184,Jeremy,Warner,102087,***-**-1184,AL
526,Anthony,Rodriguez,020983,***-**-3865,ID
85,Kristen,Lopez,010278,***-**-8194,VA
171,Mark,Mcdonald,062784,***-**-0101,MT
74,Robert,Freeman,010184,***-**-5211,AR
69,Michael,Reynolds,103094,***-**-8507,CA
365,Kristine,Little,071074,***-**-1771,SD
149,April,Barnes,021583,***-**-3288,RI
218,Pamela,Hodges,021989,***-**-1423,UT
647,Ronald,Gilbert,052674,***-**-4448,WY
518,Thomas,Cooper,081772,***-**-9890,CO
12,Dakota,Harrington,082472,***-**-7188,VA
622,Jennifer,Porter,012091,***-**-5572,WI
159,Beverly,Jordan,081586,***-**-3762,NM
394,Mark,Brown,040275,***-**-8531,CA
158,Amy,Ford,060574,***-**-6461,NC
446,Benjamin,King,050773,***-**-8165,RI
352,Stephen,Bryant,051591,***-**-6488,SD
598,Brandi,Williams,101589,***-**-8500,MD
505,Ashley,Hutchinson,042694,***-**-1510,SC
173,Alisha,Pacheco,011382,***-**-2496,MI
84,Robert,Campbell,022773,***-**-9581,SD
406,Sandra,Sanders,100680,***-**-1673,RI
164,Katherine,Hensley,052991,***-**-7226,CT
267,Stacy,Cox,110876,***-**-0990,AL
503,Frank,Barton,061093,***-**-5568,MA
295,Shannon,Kramer,050480,***-**-7615,SC
590,Brenda,James,123177,***-**-3251,HI
97,Paula,Edwards,081088,***-**-0638,KS
3,Jennifer,Rowe,091680,***-**-9014,NY
20,David,Foster,010990,***-**-6956,MO
179,William,Boyle,013088,***-**-0490,AR
86,Christopher,Greene,052972,***-**-8446,ID
219,Matthew,Fuller,042780,***-**-2989,MS
237,Gabriela,Nguyen,121781,***-**-3729,WA
96,Allison,Diaz,032594,***-**-8927,AR
22,Isaac,Jordan,050686,***-**-0520,TX
439,Cheryl,Bailey,103191,***-**-1224,NC
146,Julie,Castillo,021688,***-**-4523,AK
271,Michael,Adams,121086,***-**-3927,FL
103,Melinda,Parsons,020786,***-**-8751,NE
540,Robert,Campbell,011787,***-**-3694,DE
144,Julie,Nelson,080894,***-**-1332,SD
594,Steven,Nelson,041489,***-**-2085,VT
176,Hailey,Lynn,032573,***-**-9488,CA
198,Dillon,Nguyen,052678,***-**-4552,IL
433,Hannah,Miller,101873,***-**-4657,NY
274,Jeffrey,Harris,052594,***-**-4763,KY
6,Daniel,Welch,080882,***-**-6950,IL
452,Bryan,Jackson,090882,***-**-8117,MD
23,Denise,George,090790,***-**-4879,WI
373,Alicia,Carney,091089,***-**-9437,OH
374,William,Peters,032086,***-**-7516,KY
200,Dustin,Drake,091793,***-**-5454,WV
428,Jessica,Thornton,010383,***-**-2381,KS
116,Rebecca,Wilson,060880,***-**-6629,MI
418,Katherine,Lane,110186,***-**-6820,NH
9,Sarah,Harper,072793,***-**-5891,AK
230,Jermaine,Hill,091188,***-**-5479,NJ
502,Michael,Marshall,040590,***-**-5125,MI
632,Kirsten,Mcbride,091073,***-**-2372,IA
112,Rachael,Holmes,073073,***-**-2067,GA
422,Leon,Foster,091975,***-**-3153,SC
131,David,Mcclain,080276,***-**-5430,OH
404,Emily,Lawrence,112491,***-**-1991,TN
504,Troy,Booth,122790,***-**-5141,TN
194,Stephanie,Ho,042583,***-**-3656,KS
567,Michele,Hendricks,031090,***-**-7341,MS
253,Eric,Harper,111286,***-**-2860,NV
407,Jonathan,Gomez,060593,***-**-4727,SD
82,Kevin,Garcia,112577,***-**-4722,NV
429,Howard,Lawson,041384,***-**-7664,MI
78,Stacy,Robertson,092474,***-**-0248,WY
167,John,Beck,072785,***-**-3635,AR
484,Julia,Morgan,031876,***-**-1731,WI
60,Allen,Leon,040675,***-**-9089,MI
400,James,Rios,030478,***-**-3987,ID
34,Ralph,Wells,101988,***-**-4237,KS
596,Megan,Chavez,100891,***-**-7659,CT
279,Ashley,Patrick,060774,***-**-0763,WY
466,Bonnie,Bowen,110793,***-**-5889,ID
327,Andrew,Lawson,040582,***-**-7313,MT
382,Tonya,Chavez,041784,***-**-5703,MT
369,Michelle,Larson,032080,***-**-3866,FL
347,Mark,Garrett,091885,***-**-4408,WY
25,Chelsea,Rivera,062187,***-**-0140,NH
317,Amanda,Krause,110677,***-**-4744,IL
321,Paige,Spencer,090291,***-**-8621,NY
193,Rhonda,Gonzales,060776,***-**-4110,ID
606,Jasmine,Kelly,063079,***-**-3251,MN
123,Amy,Sherman,080473,***-**-6029,NJ
566,David,Arroyo,041675,***-**-9403,FL
409,Robert,Lin,111275,***-**-0121,AZ
265,Paul,Wilson,061993,***-**-9871,IA
490,Paul,Meyers,031389,***-**-1680,HI
311,Jessica,Elliott,060478,***-**-1632,OH
537,Anthony,Richmond,100589,***-**-8935,AR
147,William,Rivera,030875,***-**-7032,SD
304,Sheri,Villegas,021385,***-**-8629,OR
472,Kelly,Hopkins,100884,***-**-6875,HI
348,Darren,Farrell,052491,***-**-5885,CA
91,Darlene,Harmon,050580,***-**-3052,WV
410,Rachel,Lyons,082972,***-**-0900,ME
344,David,Jacobs,022882,***-**-3682,FL
419,Christina,Weeks,101572,***-**-2028,PA
1,Andrea,Anderson,111284,***-**-5650,CT
532,Jennifer,Smith,013189,***-**-1748,GA
107,Shirley,Andrews,120781,***-**-5306,OH
166,Adrian,Rivera,021373,***-**-5638,MA
391,George,Mckinney,020484,***-**-7748,UT
67,Hailey,Boyd,111780,***-**-0270,NY
447,Tiffany,Harris,011283,***-**-9733,WV
653,Mary,Hunter,110177,***-**-6623,TX
294,Robert,Edwards,040780,***-**-5215,GA
416,Barbara,Lambert,090779,***-**-5353,ID
185,Angela,Armstrong,032290,***-**-2446,NY
637,Brett,Ward,092779,***-**-0204,MN
333,Troy,Sanchez,111590,***-**-2052,OK
579,Garrett,Carter,092688,***-**-7246,CA
215,James,Reeves,013188,***-**-1620,IN
152,Mary,Baker,070879,***-**-0954,MI
301,Alexandra,Bradley,061380,***-**-9390,AL
572,Aaron,James,032574,***-**-4596,OR
165,Thomas,Wood,082179,***-**-8269,TN
639,Charlene,Jackson,102889,***-**-8809,WY
405,Mary,Robbins,120175,***-**-9514,FL
390,Kayla,Washington,100885,***-**-6218,CT
641,Kimberly,Knapp,112392,***-**-1122,CO
51,Nicholas,Brown,091888,***-**-2869,SC
421,Rebecca,Marshall,050674,***-**-1020,PA
106,Mark,Smith,070779,***-**-5381,ND
379,Adam,Harrell,101881,***-**-0742,WV
76,Steve,Daniels,091480,***-**-3537,CO
68,Victoria,Potter,032588,***-**-4290,UT
118,Kathy,Preston,030690,***-**-9960,LA
127,Michael,Donaldson,010195,***-**-7624,CA
542,Brian,Bridges,022276,***-**-4546,MN
181,Martha,Gonzalez,011781,***-**-8342,KS
111,Paul,Rogers,011092,***-**-6284,MT
481,Dawn,Galvan,090389,***-**-8058,TN
568,Amber,West,011978,***-**-7363,ND
395,Christopher,Guerrero,012983,***-**-4036,WY
345,Stacy,Brooks,061791,***-**-4661,SC
438,Danielle,Kaiser,082175,***-**-9764,AL
403,Taylor,Boyle,092679,***-**-9756,MD
180,Donna,Howard,121678,***-**-3416,CA
616,Anne,Rios,112674,***-**-6513,HI
56,Theresa,Barnes,092876,***-**-2054,CT
153,Lori,Tate,030877,***-**-9123,NM
551,Alexandria,Baker,110274,***-**-3200,NV
135,Stephen,Hensley,093078,***-**-5372,GA
500,Jennifer,Fischer,111983,***-**-5609,UT
24,Pamela,Robinson,022181,***-**-4275,NM
81,Brendan,Gonzalez,080291,***-**-9993,SC
50,Richard,Turner,122482,***-**-9924,TN
328,Michael,Robinson,102273,***-**-2355,IL
402,Patricia,Sharp,071387,***-**-0306,MD
255,Elizabeth,Avila,031577,***-**-8453,NH
413,Christopher,Martinez,122878,***-**-8774,CT
507,Isaac,Woods,032084,***-**-6227,AK
62,Adriana,Wolf,101794,***-**-1702,OR
150,David,Pearson,061482,***-**-1781,AL
109,Matthew,Kramer,051488,***-**-4860,RI
310,Pamela,Archer,102587,***-**-2625,WV
243,Charles,Stout,120576,***-**-1997,KS
72,Daniel,Boyd,071878,***-**-1220,NY
608,Jimmy,Jones,021973,***-**-2030,MA
19,Rebecca,Hammond,022172,***-**-2706,LA
30,Emily,Diaz,120486,***-**-9174,AK
119,Chad,Wise,111088,***-**-1355,CO
162,Todd,Duran,011476,***-**-1832,KY
199,Brian,Mclaughlin,092187,***-**-2876,PA
187,Katherine,Rogers,051388,***-**-9500,ME
102,Joseph,Adams,011879,***-**-7778,WI
385,David,Lowery,102187,***-**-7963,UT
626,Janice,Young,070788,***-**-4863,WA
528,Anna,Matthews,020991,***-**-4474,TN
31,Katie,Garcia,032283,***-**-8462,AK
43,Maria,Estrada,043090,***-**-8108,LA
169,Ashley,Smith,071683,***-**-8720,TX
204,Amy,Wright,101591,***-**-8641,CA
494,Heather,Scott,082082,***-**-0361,NH
233,John,Anderson,053073,***-**-6681,NY
638,John,Anderson,010783,***-**-7935,UT
57,Kimberly,Harris,100188,***-**-5459,IA
648,Christopher,Smith,112376,***-**-2521,WI
192,Daniel,Singh,122580,***-**-7521,VA
73,Miranda,Nguyen,081281,***-**-2585,ME
477,Gregory,Simpson,070990,***-**-9365,CO
411,Daniel,Brown,041984,***-**-6526,NM
630,Susan,Thompson,051785,***-**-6074,TN
600,Rick,Johns,073084,***-**-7121,NV
634,Sean,Calhoun,073178,***-**-2261,SD
296,Alan,Holden,110694,***-**-6916,PA
154,Robin,Silva,071487,***-**-0453,AK
527,Nicole,Conrad,060285,***-**-6985,SD
635,Deanna,Russell,072972,***-**-9236,MD
229,Joshua,Bailey,072086,***-**-4031,WV
389,Daniel,Patrick,101572,***-**-8777,GA
220,William,Smith,060490,***-**-0654,AR
454,Kristin,Grant,082380,***-**-9693,WV
488,Kimberly,Velasquez,011089,***-**-4229,GA
41,Michael,Dalton,030894,***-**-2101,WI
522,Jason,Shaw,110185,***-**-4765,KY
269,Jonathon,Olson,070885,***-**-7767,SC
35,Andrea,Perry,020186,***-**-8897,CO
10,Anthony,Nguyen,100986,***-**-8472,WI
397,Anthony,Christensen,051383,***-**-8703,OH
45,Paul,Murphy,071875,***-**-9454,NJ
210,Susan,Stewart,042389,***-**-2712,GA
197,Scott,Warren,062485,***-**-3723,OH
354,Jennifer,Avery,080887,***-**-5062,LA
552,Alexander,Vaughan,082288,***-**-8562,MI
414,Laura,Parker,120573,***-**-6879,CO
134,Derek,Harrington,091590,***-**-2836,AR
11,Daniel,Wells,082794,***-**-7268,CA
222,Kelly,Phillips,110587,***-**-1324,MI
442,Lauren,Bennett,060585,***-**-4874,IA
633,Aaron,Wolf,040978,***-**-1149,WY
361,Julia,Wright,090480,***-**-6702,CO
205,Cheryl,Dennis,061686,***-**-0712,TX
18,Donna,Lopez,022285,***-**-5711,DE
459,Matthew,Gibbs,061284,***-**-9698,ID
564,Nancy,Mitchell,020288,***-**-9365,GA
138,Ashley,Bullock,072383,***-**-5394,MS
356,Andrew,Moore,010382,***-**-5178,ID
479,Joseph,Martinez,100573,***-**-9409,NH
100,Yvette,Rodriguez,091185,***-**-8123,OR
451,Carrie,Barber,110977,***-**-3083,LA
432,Ashley,Sherman,100184,***-**-1501,NE
71,Craig,Garcia,081894,***-**-3695,PA
463,Jerome,Brown,071092,***-**-9456,MD
308,Kevin,Beck,032981,***-**-7304,TN
591,Travis,Hansen,072881,***-**-6746,DE
214,Rodney,Cook,121594,***-**-6232,RI
290,Theresa,Brown,022093,***-**-3478,MN
8,Wayne,Mercer,092189,***-**-7254,MA
182,Mary,Lee,041282,***-**-7361,OH
534,Matthew,Martin,071293,***-**-7803,ID
511,Lee,Weber,120388,***-**-9830,CA
32,James,Wilson,072377,***-**-7343,OR
289,Angela,Clark,042088,***-**-3392,MN
643,Allen,Flynn,072594,***-**-7573,NH
234,Darrell,Coleman,082492,***-**-4198,WI
618,Patrick,Wells,080379,***-**-3209,MS
246,Tyler,Beck,102086,***-**-1385,HI
546,Michelle,Jenkins,112977,***-**-8254,NE
455,Scott,Miller,092791,***-**-3580,WY
341,Maria,Mcmillan,090773,***-**-3730,TX
252,Amy,Waller,100180,***-**-8763,MA
351,Jacob,Thomas,033176,***-**-8896,MS
493,Amanda,Jones,073193,***-**-0691,MN
599,Edward,Padilla,100993,***-**-5222,PA
315,Debra,Best,022073,***-**-3320,ND
577,Gregory,Roberts,012786,***-**-4496,IN
415,Suzanne,Wheeler,051985,***-**-2982,WI
303,Ann,Lewis,011476,***-**-0619,MT
478,Michelle,Peterson,062584,***-**-2154,MA
313,Adam,Thomas,123082,***-**-1297,VA
4,Donna,Owens,092687,***-**-6696,AL
249,Pamela,Lyons,092772,***-**-3318,AR
649,Victor,Lopez,102687,***-**-3964,NV
565,Matthew,Miller,040779,***-**-3517,CO
513,Kevin,Foster,101885,***-**-5090,WI
516,Alyssa,Stokes,040173,***-**-2432,OH
545,Mark,Saunders,082373,***-**-2640,VT
38,Michael,Chapman,031377,***-**-6874,OR
309,Cole,Farrell,012993,***-**-7973,IN
578,Michael,Estrada,101294,***-**-2448,OH
178,Shaun,Martinez,121182,***-**-5793,NC
359,Victoria,Moon,010676,***-**-8604,AZ
278,Brian,Peters,050782,***-**-3701,HI
292,Jose,Gonzalez,060192,***-**-9797,MD
87,John,Paul,112073,***-**-7180,KY
286,Stephanie,Smith,042678,***-**-1286,NH
221,Lisa,Wilson,110993,***-**-6950,AZ
524,Cody,Duran,011573,***-**-6706,NM
453,Ann,Johnson,060181,***-**-9046,NE
468,Paula,Hernandez,101275,***-**-2951,CA
444,Patrick,Barber,072191,***-**-9891,NY
350,Dennis,Alvarado,112773,***-**-4378,MT
462,David,Peterson,062773,***-**-7312,LA
66,Tina,Williams,110487,***-**-7775,OR
495,Bridget,Koch,022373,***-**-9714,WY
586,Adrian,Hernandez,090893,***-**-5101,NE
457,Andrea,Potter,122683,***-**-6384,NH
392,David,Williams,070790,***-**-6350,MA
202,Katherine,Wright,051087,***-**-3109,AR
467,Kevin,Taylor,041979,***-**-2293,NH
627,Latoya,Mitchell,031591,***-**-3607,ME
367,Tricia,Smith,012492,***-**-7866,CA
244,David,Miles,112693,***-**-2657,MI
620,Gina,Hoffman,032090,***-**-4213,UT
642,Tamara,Whitney,092175,***-**-9208,MO
427,John,Garcia,041487,***-**-3993,TX
539,Craig,Nunez,061372,***-**-6566,DE
98,Desiree,Ross,070781,***-**-2608,MS
324,Samantha,Ramirez,081181,***-**-7086,MD
589,David,Patton,111978,***-**-9705,PA
339,Caroline,Lopez,080981,***-**-1325,OK
645,Karen,Malone,090385,***-**-5442,CO
355,Daniel,Wright,123189,***-**-3803,FL
541,Brent,Miller,011478,***-**-9692,HI
360,Mitchell,Meyer,083191,***-**-7666,RI
39,Annette,Flores,041977,***-**-3196,NE
305,Wendy,Hendrix,081983,***-**-6634,WY
474,Alexis,Cross,081183,***-**-3694,MN
571,Jeffrey,Jones,062781,***-**-1822,SD
372,Jessica,Walsh,060176,***-**-2907,RI
559,Sherry,Henderson,021591,***-**-3768,FL
521,Jennifer,Johnson,021778,***-**-3102,OK
583,Scott,Ellison,033177,***-**-8653,NH
329,Denise,Baldwin,040692,***-**-7350,AL
201,Rebecca,James,120480,***-**-1514,MA
276,Sean,Gonzales,081181,***-**-8838,MO
592,Mary,Chavez,042790,***-**-2834,PA
124,Ralph,Martinez,022680,***-**-4024,WA
133,Thomas,Stone,032973,***-**-8227,DE
314,Christopher,Anderson,070174,***-**-1835,NC
562,Allison,Garcia,020883,***-**-0105,LA
125,Charles,Hall,091582,***-**-7617,PA
625,Lawrence,Roach,040391,***-**-2080,KY
312,Christopher,Dougherty,032978,***-**-0986,AL
90,William,Small,080590,***-**-0642,CO
236,Samuel,May,033088,***-**-0970,NJ
601,Brian,Lopez,021390,***-**-7558,DE
326,Amanda,Clark,072391,***-**-5043,MN
264,Cody,Taylor,111378,***-**-3700,SD
248,Sherry,Love,032475,***-**-8685,OR
485,Christine,Stone,110778,***-**-6503,KS
54,Kristy,Diaz,032688,***-**-1032,IA
2,Amy,Long,071982,***-**-7292,FL
298,Haley,Myers,032085,***-**-0757,MD
99,Michael,Holden,072375,***-**-7951,IN
186,Kelly,Ferrell,012182,***-**-2299,NH
593,Rachel,Valdez,052185,***-**-0852,UT
557,Kristine,Roberson,031881,***-**-0956,MN
375,Vincent,Watson,121574,***-**-8997,RI
460,Elizabeth,Bailey,071579,***-**-7230,MI
496,Mark,Mcmillan,070876,***-**-2503,MI
487,Sheri,Long,060678,***-**-5166,OH
469,Daniel,Mccall,071287,***-**-5314,NE
340,Dawn,Malone,041979,***-**-2070,TN
363,Evan,Romero,082594,***-**-3334,NM
108,Paul,Adams,041992,***-**-5765,WV
357,Tracy,Holt,102088,***-**-1413,AK
293,Charles,Wheeler,021172,***-**-5781,CA
604,Ashley,Harris,080993,***-**-7070,IL
7,Roberto,Schmidt,020794,***-**-1763,AL
94,Margaret,Barton,101075,***-**-0973,ID
227,Michelle,Diaz,092593,***-**-4889,ID
486,Mike,Duncan,121588,***-**-8115,MD
613,Alexandra,Thomas,011294,***-**-6760,SD
603,Mark,Murillo,092276,***-**-9915,MI
332,Carol,Dyer,031289,***-**-5545,HI
587,Daniel,Williams,111789,***-**-9146,NH
602,Sandra,Suarez,092080,***-**-9548,GA
398,Sarah,Hamilton,072076,***-**-3104,ND
148,Sydney,Floyd,033181,***-**-0722,CT
223,Jonathan,Hall,070178,***-**-6672,NE
574,Jennifer,Kim,100376,***-**-9504,MN
588,Kenneth,Sanchez,103080,***-**-8921,CA
157,Joseph,Carroll,050975,***-**-5984,ND
175,Jennifer,Arnold,101876,***-**-4368,AL
473,David,Le,083176,***-**-5444,MI
29,Jeffrey,Clark,062878,***-**-0316,MO
334,Jeffery,Reed,071985,***-**-6338,NJ
465,Laura,Kim,072674,***-**-3606,PA
92,Derek,Obrien,062990,***-**-6123,NH
470,Brooke,Bishop,121880,***-**-4107,CA
128,Peter,Miles,102676,***-**-3367,WA
77,Alex,Owen,100787,***-**-9252,AL
530,Michael,Fowler,082890,***-**-3995,TN
270,Katherine,Rose,011976,***-**-0446,MN
251,Daniel,Waller,042374,***-**-0011,KY
277,Ronald,Johnson,091973,***-**-8871,DE
346,Austin,Gutierrez,062579,***-**-0203,VT
238,Brandon,Chang,051484,***-**-6687,AL
143,Alexander,Murphy,050584,***-**-0664,UT
461,Stephanie,Mendoza,032277,***-**-8308,VT
5,Gregory,Moore,021082,***-**-6226,MA
117,Jonathan,Mendoza,123089,***-**-0262,MD
396,Michelle,Phillips,091788,***-**-2345,OK
517,Justin,Morgan,031776,***-**-5133,MI
228,Michael,Hubbard,090978,***-**-8972,CT
576,Travis,Little,051492,***-**-6995,WY
482,Susan,Kennedy,121988,***-**-4558,ME
611,Emily,Mcgrath,111073,***-**-7640,CO
288,Sandra,Griffin,111388,***-**-6533,NV
322,Jessica,Sullivan,010790,***-**-2665,WY
93,Timothy,Mendoza,060980,***-**-2367,NM
631,Amanda,Pearson,081579,***-**-9832,TN
95,Jeffery,Burnett,072884,***-**-4493,KS
225,Brian,Williams,011286,***-**-5701,MT
386,Randy,Dorsey,050974,***-**-0360,MO
272,Duane,Williams,101473,***-**-8818,NV
614,Colleen,Beasley,081277,***-**-3286,MA
262,Brian,Jackson,122185,***-**-9597,PA
110,Cynthia,Price,101591,***-**-6184,SD
501,Donald,Carter,071683,***-**-5922,HI
65,Lisa,Schmitt,042376,***-**-5980,TN
458,Dustin,Nichols,060777,***-**-9015,NE
224,Jay,Brown,042480,***-**-8736,TX
160,Beth,Lynch,021384,***-**-0814,AK
259,Mary,Mitchell,012082,***-**-3602,TX
547,Joshua,Rush,080586,***-**-2710,GA
358,Jillian,David,041173,***-**-4462,HI
652,Anthony,Delgado,091994,***-**-7837,FL
49,Meghan,Wilson,051888,***-**-4722,HI
437,Andrea,Montgomery,120391,***-**-6315,OH
536,Megan,Gray,101272,***-**-4006,NY
636,Sarah,Brooks,062791,***-**-6948,AR
330,Kaylee,Clark,052992,***-**-0753,WI
538,Joseph,Martin,041392,***-**-5396,AR
168,Donna,Rose,042089,***-**-1960,TN
480,Brandi,Sawyer,071379,***-**-9334,RI
543,James,Torres,011986,***-**-5026,DE
506,Jonathan,Malone,041484,***-**-9942,MN
80,Christine,Williams,081574,***-**-1974,MN
342,Christopher,Young,120288,***-**-1343,NE
364,David,Turner,021373,***-**-7108,IL
64,Gregory,Estes,100489,***-**-9235,KS
156,Shannon,Vaughn,122792,***-**-2444,AR
285,James,Mclaughlin,012181,***-**-1088,NC
79,Michael,Brown,011386,***-**-9682,OH
170,Jennifer,Crawford,072186,***-**-5861,FL
561,Michelle,Carr,062278,***-**-2759,CT
617,Andrew,Love,052791,***-**-9696,OH
515,Anna,Bennett,062077,***-**-6909,TN
644,William,Watts,101289,***-**-6883,MN
450,Cynthia,Williams,122378,***-**-5994,NY
216,Bruce,Miles,012182,***-**-0969,IA
88,Amanda,Wilson,052372,***-**-0767,NE
130,Joshua,Riley,110883,***-**-4874,IN
408,Carla,Torres,022387,***-**-7599,CT
105,Mark,Green,061477,***-**-6893,AZ
580,Stephanie,Goodwin,022586,***-**-5702,NC
388,Cameron,Allen,010286,***-**-8341,ID
316,Harold,Li,051183,***-**-2966,GA
196,Sara,Curry,060584,***-**-1678,ID
366,Caroline,Wyatt,111279,***-**-7063,NY
331,Nicole,Perez,092882,***-**-1455,MT
63,Jacqueline,Garcia,013191,***-**-8953,NC
651,Alexander,Wright,041879,***-**-7263,MN
497,Heather,Farrell,011178,***-**-0338,MA
14,Joseph,Fernandez,060178,***-**-4971,IL
52,Timothy,Chandler,032678,***-**-3897,NM
456,Gregory,Jackson,060673,***-**-0058,WY
412,Thomas,Patterson,050677,***-**-4561,VA
283,Timothy,Suarez,011277,***-**-3073,WI
174,Jennifer,Jensen,030991,***-**-4293,GA
509,Andrew,Hogan,060890,***-**-5943,ND
254,Dale,Hartman,100193,***-**-9502,ME
531,Jennifer,Williams,022777,***-**-9054,OK
104,Antonio,Perez,020980,***-**-4115,NC
549,Joshua,Hicks,010785,***-**-4786,KS
183,Edward,Thompson,083194,***-**-8605,OH
612,Lee,Zamora,031779,***-**-3321,UT
492,Wyatt,Rivers,020784,***-**-5135,KY
27,Michelle,Reeves,112372,***-**-1066,PA
287,Joanna,Hopkins,041773,***-**-2714,MA
584,Joseph,Mitchell,051880,***-**-7441,VA
624,Ariel,Ray,091172,***-**-2732,OR
53,Shawn,Murray,103090,***-**-5217,MS
206,Jose,Spears,030176,***-**-2675,NH
211,Caroline,Mayer,050373,***-**-2487,WY
646,David,Weaver,081176,***-**-2750,ME
336,Kelly,Sullivan,041288,***-**-7284,NV
555,Kyle,Ramirez,053084,***-**-2839,WA
560,Carrie,Davis,062084,***-**-6558,WA
203,Catherine,Martinez,042890,***-**-6917,NM
217,Amanda,Lewis,120588,***-**-0504,MT
371,Katherine,Bailey,030494,***-**-3545,WV
605,Rodney,Smith,050875,***-**-3105,NH
337,Savannah,Saunders,051284,***-**-2473,IA
381,Claudia,Oneal,040187,***-**-9008,TX
508,Roy,Johnson,033084,***-**-6344,AK
58,Michelle,Smith,070882,***-**-6834,NV
401,Amanda,Haney,041183,***-**-9019,IA
163,Theresa,Fletcher,102292,***-**-0535,VA
548,Debra,Green,072088,***-**-5376,SC
161,John,Cox,121185,***-**-7739,OH
464,Beth,Harris,122282,***-**-5871,RI
476,Erica,Mcconnell,070181,***-**-0878,MA
208,Kimberly,Johnson,012292,***-**-4304,PA
378,Kyle,Aguirre,102473,***-**-4469,NE
654,Nicole,English,043077,***-**-9164,HI
585,Bonnie,Turner,040173,***-**-0208,MD
621,Maurice,Gillespie,090784,***-**-8509,GA
300,Corey,Adams,100888,***-**-2578,OR
640,Brett,Nelson,062086,***-**-3049,MD
297,Melody,Nelson,012379,***-**-1931,VA
209,James,Young,041280,***-**-8557,ME
320,Robert,Smith,041494,***-**-0748,MS
242,Caroline,Larson,050590,***-**-7178,LA
258,Megan,Robinson,032473,***-**-1601,WV
570,Shawn,Edwards,011978,***-**-4865,LA
417,David,Evans,091577,***-**-6773,WA
281,Julie,Price,012093,***-**-3599,PA
436,Briana,Webster,020878,***-**-3704,PA
441,Robin,Oconnor,022778,***-**-0782,NH
425,Albert,Davidson,012075,***-**-9182,CA
553,Mark,Chen,040289,***-**-3553,WY
266,Elizabeth,Lynn,022592,***-**-8647,MA
40,Tracy,Gonzalez,110183,***-**-4059,WY
609,Patricia,Fletcher,063079,***-**-2311,RI
471,Tammy,Salinas,122980,***-**-3850,NC
307,Roger,Wright,030474,***-**-3080,MO
353,Kelly,Castillo,041392,***-**-7622,WA
393,Charles,Kelley,041493,***-**-1133,OK
607,David,Johnson,062385,***-**-9729,DE
483,David,Cervantes,010883,***-**-0082,WA
370,Valerie,Lopez,041083,***-**-0441,AL
273,Sarah,Hayes,112084,***-**-8195,CT
141,Christina,Arnold,102079,***-**-2313,NY
338,Cynthia,Bennett,112673,***-**-7899,MD
15,Michelle,Huang,040983,***-**-8363,UT
120,Amanda,Dodson,030473,***-**-6056,KS
75,Jeff,Hawkins,081092,***-**-5606,IL
115,Patrick,Taylor,072991,***-**-5595,MO
629,Elizabeth,Howard,110584,***-**-2641,AZ
299,Noah,White,043077,***-**-0897,SC
498,Caroline,Jackson,122983,***-**-4102,DE
445,Andrea,Wright,061578,***-**-8386,OH
582,Sara,Smith,010283,***-**-9188,TN
245,Jennifer,Rodriguez,042374,***-**-2538,NM
129,Deanna,Terrell,020590,***-**-5743,OK
544,Kristina,Summers,021789,***-**-3058,OR
377,Laura,Mercado,040574,***-**-9514,MI
155,Matthew,Kane,111790,***-**-9385,PA
440,Tamara,White,052080,***-**-6614,FL
550,Samantha,Thompson,060476,***-**-9230,NY
47,John,Mcmillan,030283,***-**-7301,NV
89,Andrea,Webb,121185,***-**-7815,VA
145,Lori,Odonnell,102289,***-**-2415,KS
554,Ronald,Huerta,121373,***-**-6058,OK
523,Chelsea,Foster,032674,***-**-4094,AK
499,Daniel,Lopez,090789,***-**-2639,AR
37,Jonathan,Jones,011377,***-**-7798,MN
384,Jessica,Gaines,042381,***-**-9332,CO
514,Timothy,Morris,061681,***-**-2962,WY
260,Donna,Campbell,071493,***-**-2369,NV
239,Tonya,Martinez,090472,***-**-7702,IA
420,Pamela,Moore,022080,***-**-9532,NJ
380,Michelle,Ali,050593,***-**-3823,KS
387,Alexander,Gibson,102783,***-**-1036,CO
207,Jay,Smith,030685,***-**-6315,CT
318,Teresa,Watkins,072772,***-**-5707,NY
16,Bradley,Guzman,050880,***-**-2817,WY
61,Rhonda,Young,060379,***-**-2336,NE
280,Brandon,Davis,072277,***-**-1621,AZ
13,Brandon,Farmer,081080,***-**-2601,TX
563,Barbara,Murphy,103089,***-**-9225,AR
569,James,King,042178,***-**-1432,AK
575,Drew,Kelly,032593,***-**-3264,WA
319,Virginia,Wise,021882,***-**-8887,OR
122,Mary,Hernandez,012990,***-**-5268,NY
520,Ryan,Russell,010675,***-**-3828,HI
489,Amanda,Smith,080589,***-**-3579,DE
136,Morgan,Dunn,071380,***-**-1601,AZ
142,Kimberly,Shaw,061173,***-**-7577,MA
250,Kathleen,Klein,011590,***-**-3388,NM
383,Diana,Meyers,091372,***-**-4296,TN
650,Logan,Smith,032690,***-**-0194,MN
231,Tracy,Martin,050375,***-**-0726,AK
431,Edwin,Martin,021388,***-**-9168,MO
306,Kelly,Moran,071476,***-**-0670,NV
151,Robert,Smith,011287,***-**-2300,ID
519,Jane,Martinez,013091,***-**-3977,AZ
172,Denise,Castillo,101083,***-**-0042,LA
121,Jonathon,Brock,043080,***-**-9917,CO
140,Amanda,Franco,092494,***-**-5413,AK
48,Heather,Robinson,112085,***-**-1929,MN
282,Kathryn,Stout,082487,***-**-9637,IA
42,Cory,Hopkins,031377,***-**-9491,AK
247,Ryan,Snyder,071482,***-**-9330,MA
59,Sara,Walker,081685,***-**-5423,NE
137,Daniel,Garcia,042179,***-**-3001,WI
257,Paul,Evans,062577,***-**-4302,MN
343,Elizabeth,Olson,012276,***-**-7163,MA
195,Ann,Romero,102789,***-**-4046,DE
268,Thomas,Jensen,022391,***-**-3430,OH
558,Brian,Davila,070582,***-**-3711,DE
70,Donna,Howard,033190,***-**-7432,MS
28,Kimberly,Massey,010181,***-**-4649,MO
132,Jeremy,Cross,112287,***-**-4632,HI
335,Dennis,Thomas,061189,***-**-5032,IN
349,Kenneth,Martin,082489,***-**-4681,MI
510,Tyler,Brewer,062872,***-**-9006,HI
36,Scott,Brooks,022472,***-**-4958,NY
430,Derrick,Fritz,120582,***-**-0071,IA
376,Christine,Munoz,111774,***-**-0149,MO
226,Julie,Robbins,112376,***-**-4571,IN
240,Rachel,Cook,030382,***-**-9042,NM
291,Kyle,Hoffman,122584,***-**-7692,MT
619,Nancy,Nguyen,070576,***-**-3939,VA
424,John,Wells,052593,***-**-3026,NH
212,Robert,Ellison,071679,***-**-9579,NE
263,Keith,Robinson,041578,***-**-3579,NC
443,Dennis,Osborn,111573,***-**-3531,MA
26,Ronald,Hays,122193,***-**-6430,TX
491,Leslie,Brown,061573,***-**-1806,NJ
114,Maria,Chapman,122073,***-**-7300,OK
434,Melissa,Torres,032281,***-**-6921,NM
615,Joshua,Weaver,112082,***-**-7030,IA
525,Crystal,Martin,082993,***-**-0679,ME
44,Sheri,Ball,080491,***-**-7548,AZ
475,Steven,Ritter,021186,***-**-8004,OH
529,Linda,Krause,122278,***-**-4382,SD
83,John,Myers,072589,***-**-1869,NJ
275,Mark,White,090992,***-**-7830,ID
190,Diana,Smith,120273,***-**-3506,IL
423,Karen,Lyons,060990,***-**-9081,OK
581,Laura,Glenn,102092,***-**-1468,TX
177,Diana,Spence,092083,***-**-4751,MA
573,Samantha,Farley,071077,***-**-2351,WA
46,Kayla,Mitchell,101375,***-**-9155,WI
17,Crystal,Myers,123180,***-**-6532,OH
101,Brooke,Jones,040979,***-**-2606,TN
261,John,Mueller,032287,***-**-7849,MD
435,Karla,Rosales,071083,***-**-1729,IL
448,Jennifer,Brown,082377,***-**-0700,MA
597,Blake,Jimenez,091077,***-**-3810,KS
628,Michael,Garcia,110580,***-**-4294,IL
610,Jermaine,Quinn,122489,***-**-1754,CA
113,Patricia,Cruz,042276,***-**-3822,IN
235,Cameron,Mcintosh,020175,***-**-8921,NV
21,Michelle,Brewer,061088,***-**-6836,OK
362,Hannah,Nolan,091578,***-**-1332,OK
368,Erica,Johnson,052778,***-**-9413,LA
323,Jeremy,Obrien,011382,***-**-7592,OR
